{"web":{"client_id":"1013810548361-46936j1n0mmk4l2ol5gurmbagmq67n2n.apps.googleusercontent.com","project_id":"lena-bnwnkb","auth_uri":"https://accounts.google.com/o/oauth2/auth","token_uri":"https://oauth2.googleapis.com/token","auth_provider_x509_cert_url":"https://www.googleapis.com/oauth2/v1/certs","client_secret":"ZtGcO83-pATh2hWFxVCHcSml","redirect_uris":["https://lena-bnwnkb.firebaseapp.com/__/auth/handler"],"javascript_origins":["http://localhost","http://localhost:3000","https://lena-bnwnkb.firebaseapp.com"]}}